<?xml version="1.0" encoding="UTF-8"?>
<robot generated="20150911 16:40:45.269" generator="Robot 2.9.1 (Python 2.7.10 on win32)">
<suite source="D:\robotframework\QuickStartGuide-master\QuickStart.rst" id="s1" name="QuickStart">
<kw type="setup" name="Clear login database">
<kw name="Remove File" library="OperatingSystem">
<doc>Removes a file with the given path.</doc>
<arguments>
<arg>${DATABASE FILE}</arg>
</arguments>
<msg timestamp="20150911 16:40:45.313" html="yes" level="INFO">File '&lt;a href="file://c:\users\zhangx~1.rt0\appdata\local\temp\robotframework-quickstart-db.txt"&gt;c:\users\zhangx~1.rt0\appdata\local\temp\robotframework-quickstart-db.txt&lt;/a&gt;' does not exist</msg>
<status status="PASS" endtime="20150911 16:40:45.313" starttime="20150911 16:40:45.312"></status>
</kw>
<status status="PASS" endtime="20150911 16:40:45.313" starttime="20150911 16:40:45.312"></status>
</kw>
<test id="s1-t1" name="User can create an account and log in">
<kw name="Create valid user">
<arguments>
<arg>fred</arg>
<arg>P4ssw0rd</arg>
</arguments>
<kw name="Create User" library="LoginLibrary">
<arguments>
<arg>${username}</arg>
<arg>${password}</arg>
</arguments>
<status status="PASS" endtime="20150911 16:40:45.355" starttime="20150911 16:40:45.314"></status>
</kw>
<kw name="Status Should Be" library="LoginLibrary">
<arguments>
<arg>SUCCESS</arg>
</arguments>
<status status="PASS" endtime="20150911 16:40:45.356" starttime="20150911 16:40:45.356"></status>
</kw>
<status status="PASS" endtime="20150911 16:40:45.356" starttime="20150911 16:40:45.314"></status>
</kw>
<kw name="Attempt To Login With Credentials" library="LoginLibrary">
<arguments>
<arg>fred</arg>
<arg>P4ssw0rd</arg>
</arguments>
<status status="PASS" endtime="20150911 16:40:45.395" starttime="20150911 16:40:45.357"></status>
</kw>
<kw name="Status Should Be" library="LoginLibrary">
<arguments>
<arg>Logged In</arg>
</arguments>
<status status="PASS" endtime="20150911 16:40:45.395" starttime="20150911 16:40:45.395"></status>
</kw>
<kw type="teardown" name="Clear login database">
<kw name="Remove File" library="OperatingSystem">
<doc>Removes a file with the given path.</doc>
<arguments>
<arg>${DATABASE FILE}</arg>
</arguments>
<msg timestamp="20150911 16:40:45.396" html="yes" level="INFO">Removed file '&lt;a href="file://c:\users\zhangx~1.rt0\appdata\local\temp\robotframework-quickstart-db.txt"&gt;c:\users\zhangx~1.rt0\appdata\local\temp\robotframework-quickstart-db.txt&lt;/a&gt;'</msg>
<status status="PASS" endtime="20150911 16:40:45.396" starttime="20150911 16:40:45.396"></status>
</kw>
<status status="PASS" endtime="20150911 16:40:45.396" starttime="20150911 16:40:45.395"></status>
</kw>
<tags>
<tag>example</tag>
<tag>quickstart</tag>
<tag>smoke</tag>
</tags>
<status status="PASS" endtime="20150911 16:40:45.397" critical="yes" starttime="20150911 16:40:45.313"></status>
</test>
<test id="s1-t2" name="User cannot log in with bad password">
<kw name="Create valid user">
<arguments>
<arg>betty</arg>
<arg>P4ssw0rd</arg>
</arguments>
<kw name="Create User" library="LoginLibrary">
<arguments>
<arg>${username}</arg>
<arg>${password}</arg>
</arguments>
<status status="PASS" endtime="20150911 16:40:45.440" starttime="20150911 16:40:45.401"></status>
</kw>
<kw name="Status Should Be" library="LoginLibrary">
<arguments>
<arg>SUCCESS</arg>
</arguments>
<status status="PASS" endtime="20150911 16:40:45.441" starttime="20150911 16:40:45.440"></status>
</kw>
<status status="PASS" endtime="20150911 16:40:45.441" starttime="20150911 16:40:45.400"></status>
</kw>
<kw name="Attempt To Login With Credentials" library="LoginLibrary">
<arguments>
<arg>betty</arg>
<arg>wrong</arg>
</arguments>
<status status="PASS" endtime="20150911 16:40:45.479" starttime="20150911 16:40:45.441"></status>
</kw>
<kw name="Status Should Be" library="LoginLibrary">
<arguments>
<arg>Access Denied</arg>
</arguments>
<status status="PASS" endtime="20150911 16:40:45.479" starttime="20150911 16:40:45.479"></status>
</kw>
<kw type="teardown" name="Clear login database">
<kw name="Remove File" library="OperatingSystem">
<doc>Removes a file with the given path.</doc>
<arguments>
<arg>${DATABASE FILE}</arg>
</arguments>
<msg timestamp="20150911 16:40:45.481" html="yes" level="INFO">Removed file '&lt;a href="file://c:\users\zhangx~1.rt0\appdata\local\temp\robotframework-quickstart-db.txt"&gt;c:\users\zhangx~1.rt0\appdata\local\temp\robotframework-quickstart-db.txt&lt;/a&gt;'</msg>
<status status="PASS" endtime="20150911 16:40:45.481" starttime="20150911 16:40:45.480"></status>
</kw>
<status status="PASS" endtime="20150911 16:40:45.481" starttime="20150911 16:40:45.480"></status>
</kw>
<tags>
<tag>example</tag>
<tag>quickstart</tag>
<tag>smoke</tag>
</tags>
<status status="PASS" endtime="20150911 16:40:45.481" critical="yes" starttime="20150911 16:40:45.398"></status>
</test>
<test id="s1-t3" name="User can change password">
<kw name="Given a user has a valid account">
<kw name="Create valid user">
<arguments>
<arg>${USERNAME}</arg>
<arg>${PASSWORD}</arg>
</arguments>
<kw name="Create User" library="LoginLibrary">
<arguments>
<arg>${username}</arg>
<arg>${password}</arg>
</arguments>
<status status="PASS" endtime="20150911 16:40:45.526" starttime="20150911 16:40:45.487"></status>
</kw>
<kw name="Status Should Be" library="LoginLibrary">
<arguments>
<arg>SUCCESS</arg>
</arguments>
<status status="PASS" endtime="20150911 16:40:45.526" starttime="20150911 16:40:45.526"></status>
</kw>
<status status="PASS" endtime="20150911 16:40:45.526" starttime="20150911 16:40:45.486"></status>
</kw>
<status status="PASS" endtime="20150911 16:40:45.527" starttime="20150911 16:40:45.486"></status>
</kw>
<kw name="When she changes her password">
<kw name="Change Password" library="LoginLibrary">
<arguments>
<arg>${USERNAME}</arg>
<arg>${PASSWORD}</arg>
<arg>${NEW PASSWORD}</arg>
</arguments>
<status status="PASS" endtime="20150911 16:40:45.565" starttime="20150911 16:40:45.527"></status>
</kw>
<kw name="Status Should Be" library="LoginLibrary">
<arguments>
<arg>SUCCESS</arg>
</arguments>
<status status="PASS" endtime="20150911 16:40:45.566" starttime="20150911 16:40:45.565"></status>
</kw>
<status status="PASS" endtime="20150911 16:40:45.566" starttime="20150911 16:40:45.527"></status>
</kw>
<kw name="Then she can log in with the new password">
<kw name="Login">
<arguments>
<arg>${USERNAME}</arg>
<arg>${NEW PASSWORD}</arg>
</arguments>
<kw name="Attempt To Login With Credentials" library="LoginLibrary">
<arguments>
<arg>${username}</arg>
<arg>${password}</arg>
</arguments>
<status status="PASS" endtime="20150911 16:40:45.604" starttime="20150911 16:40:45.567"></status>
</kw>
<kw name="Status Should Be" library="LoginLibrary">
<arguments>
<arg>Logged In</arg>
</arguments>
<status status="PASS" endtime="20150911 16:40:45.604" starttime="20150911 16:40:45.604"></status>
</kw>
<status status="PASS" endtime="20150911 16:40:45.604" starttime="20150911 16:40:45.566"></status>
</kw>
<status status="PASS" endtime="20150911 16:40:45.604" starttime="20150911 16:40:45.566"></status>
</kw>
<kw name="And she cannot use the old password anymore">
<kw name="Attempt To Login With Credentials" library="LoginLibrary">
<arguments>
<arg>${USERNAME}</arg>
<arg>${PASSWORD}</arg>
</arguments>
<status status="PASS" endtime="20150911 16:40:45.642" starttime="20150911 16:40:45.605"></status>
</kw>
<kw name="Status Should Be" library="LoginLibrary">
<arguments>
<arg>Access Denied</arg>
</arguments>
<status status="PASS" endtime="20150911 16:40:45.643" starttime="20150911 16:40:45.643"></status>
</kw>
<status status="PASS" endtime="20150911 16:40:45.643" starttime="20150911 16:40:45.605"></status>
</kw>
<kw type="teardown" name="Clear login database">
<kw name="Remove File" library="OperatingSystem">
<doc>Removes a file with the given path.</doc>
<arguments>
<arg>${DATABASE FILE}</arg>
</arguments>
<msg timestamp="20150911 16:40:45.644" html="yes" level="INFO">Removed file '&lt;a href="file://c:\users\zhangx~1.rt0\appdata\local\temp\robotframework-quickstart-db.txt"&gt;c:\users\zhangx~1.rt0\appdata\local\temp\robotframework-quickstart-db.txt&lt;/a&gt;'</msg>
<status status="PASS" endtime="20150911 16:40:45.644" starttime="20150911 16:40:45.644"></status>
</kw>
<status status="PASS" endtime="20150911 16:40:45.645" starttime="20150911 16:40:45.643"></status>
</kw>
<tags>
<tag>example</tag>
<tag>quickstart</tag>
<tag>smoke</tag>
</tags>
<status status="PASS" endtime="20150911 16:40:45.645" critical="yes" starttime="20150911 16:40:45.484"></status>
</test>
<test id="s1-t4" name="Invalid password">
<kw name="Creating user with invalid password should fail">
<arguments>
<arg>abCD5</arg>
<arg>${PWD INVALID LENGTH}</arg>
</arguments>
<kw name="Create User" library="LoginLibrary">
<arguments>
<arg>example</arg>
<arg>${password}</arg>
</arguments>
<status status="PASS" endtime="20150911 16:40:45.688" starttime="20150911 16:40:45.649"></status>
</kw>
<kw name="Status Should Be" library="LoginLibrary">
<arguments>
<arg>Creating user failed: ${error}</arg>
</arguments>
<status status="PASS" endtime="20150911 16:40:45.688" starttime="20150911 16:40:45.688"></status>
</kw>
<status status="PASS" endtime="20150911 16:40:45.688" starttime="20150911 16:40:45.648"></status>
</kw>
<kw name="Creating user with invalid password should fail">
<arguments>
<arg>abCD567890123</arg>
<arg>${PWD INVALID LENGTH}</arg>
</arguments>
<kw name="Create User" library="LoginLibrary">
<arguments>
<arg>example</arg>
<arg>${password}</arg>
</arguments>
<status status="PASS" endtime="20150911 16:40:45.727" starttime="20150911 16:40:45.689"></status>
</kw>
<kw name="Status Should Be" library="LoginLibrary">
<arguments>
<arg>Creating user failed: ${error}</arg>
</arguments>
<status status="PASS" endtime="20150911 16:40:45.727" starttime="20150911 16:40:45.727"></status>
</kw>
<status status="PASS" endtime="20150911 16:40:45.728" starttime="20150911 16:40:45.689"></status>
</kw>
<kw name="Creating user with invalid password should fail">
<arguments>
<arg>123DEFG</arg>
<arg>${PWD INVALID CONTENT}</arg>
</arguments>
<kw name="Create User" library="LoginLibrary">
<arguments>
<arg>example</arg>
<arg>${password}</arg>
</arguments>
<status status="PASS" endtime="20150911 16:40:45.767" starttime="20150911 16:40:45.729"></status>
</kw>
<kw name="Status Should Be" library="LoginLibrary">
<arguments>
<arg>Creating user failed: ${error}</arg>
</arguments>
<status status="PASS" endtime="20150911 16:40:45.768" starttime="20150911 16:40:45.767"></status>
</kw>
<status status="PASS" endtime="20150911 16:40:45.768" starttime="20150911 16:40:45.728"></status>
</kw>
<kw name="Creating user with invalid password should fail">
<arguments>
<arg>abcd56789</arg>
<arg>${PWD INVALID CONTENT}</arg>
</arguments>
<kw name="Create User" library="LoginLibrary">
<arguments>
<arg>example</arg>
<arg>${password}</arg>
</arguments>
<status status="PASS" endtime="20150911 16:40:45.807" starttime="20150911 16:40:45.769"></status>
</kw>
<kw name="Status Should Be" library="LoginLibrary">
<arguments>
<arg>Creating user failed: ${error}</arg>
</arguments>
<status status="PASS" endtime="20150911 16:40:45.808" starttime="20150911 16:40:45.808"></status>
</kw>
<status status="PASS" endtime="20150911 16:40:45.808" starttime="20150911 16:40:45.768"></status>
</kw>
<kw name="Creating user with invalid password should fail">
<arguments>
<arg>AbCdEfGh</arg>
<arg>${PWD INVALID CONTENT}</arg>
</arguments>
<kw name="Create User" library="LoginLibrary">
<arguments>
<arg>example</arg>
<arg>${password}</arg>
</arguments>
<status status="PASS" endtime="20150911 16:40:45.848" starttime="20150911 16:40:45.809"></status>
</kw>
<kw name="Status Should Be" library="LoginLibrary">
<arguments>
<arg>Creating user failed: ${error}</arg>
</arguments>
<status status="PASS" endtime="20150911 16:40:45.849" starttime="20150911 16:40:45.848"></status>
</kw>
<status status="PASS" endtime="20150911 16:40:45.849" starttime="20150911 16:40:45.809"></status>
</kw>
<kw name="Creating user with invalid password should fail">
<arguments>
<arg>abCD56+</arg>
<arg>${PWD INVALID CONTENT}</arg>
</arguments>
<kw name="Create User" library="LoginLibrary">
<arguments>
<arg>example</arg>
<arg>${password}</arg>
</arguments>
<status status="PASS" endtime="20150911 16:40:45.889" starttime="20150911 16:40:45.850"></status>
</kw>
<kw name="Status Should Be" library="LoginLibrary">
<arguments>
<arg>Creating user failed: ${error}</arg>
</arguments>
<status status="PASS" endtime="20150911 16:40:45.889" starttime="20150911 16:40:45.889"></status>
</kw>
<status status="PASS" endtime="20150911 16:40:45.889" starttime="20150911 16:40:45.849"></status>
</kw>
<kw type="teardown" name="Clear login database">
<kw name="Remove File" library="OperatingSystem">
<doc>Removes a file with the given path.</doc>
<arguments>
<arg>${DATABASE FILE}</arg>
</arguments>
<msg timestamp="20150911 16:40:45.891" html="yes" level="INFO">Removed file '&lt;a href="file://c:\users\zhangx~1.rt0\appdata\local\temp\robotframework-quickstart-db.txt"&gt;c:\users\zhangx~1.rt0\appdata\local\temp\robotframework-quickstart-db.txt&lt;/a&gt;'</msg>
<status status="PASS" endtime="20150911 16:40:45.891" starttime="20150911 16:40:45.890"></status>
</kw>
<status status="PASS" endtime="20150911 16:40:45.891" starttime="20150911 16:40:45.890"></status>
</kw>
<tags>
<tag>example</tag>
<tag>quickstart</tag>
<tag>smoke</tag>
</tags>
<status status="PASS" endtime="20150911 16:40:45.891" critical="yes" starttime="20150911 16:40:45.646"></status>
</test>
<test id="s1-t5" name="User status is stored in database">
<kw name="Create valid user">
<arguments>
<arg>${USERNAME}</arg>
<arg>${PASSWORD}</arg>
</arguments>
<kw name="Create User" library="LoginLibrary">
<arguments>
<arg>${username}</arg>
<arg>${password}</arg>
</arguments>
<status status="PASS" endtime="20150911 16:40:45.934" starttime="20150911 16:40:45.896"></status>
</kw>
<kw name="Status Should Be" library="LoginLibrary">
<arguments>
<arg>SUCCESS</arg>
</arguments>
<status status="PASS" endtime="20150911 16:40:45.934" starttime="20150911 16:40:45.934"></status>
</kw>
<status status="PASS" endtime="20150911 16:40:45.935" starttime="20150911 16:40:45.895"></status>
</kw>
<kw name="Database Should Contain">
<arguments>
<arg>${USERNAME}</arg>
<arg>${PASSWORD}</arg>
<arg>Inactive</arg>
</arguments>
<kw name="Get File" library="OperatingSystem">
<doc>Returns the contents of a specified file.</doc>
<arguments>
<arg>${DATABASE FILE}</arg>
</arguments>
<assign>
<var>${database}</var>
</assign>
<msg timestamp="20150911 16:40:45.936" html="yes" level="INFO">Getting file '&lt;a href="file://c:\users\zhangx~1.rt0\appdata\local\temp\robotframework-quickstart-db.txt"&gt;c:\users\zhangx~1.rt0\appdata\local\temp\robotframework-quickstart-db.txt&lt;/a&gt;'</msg>
<msg timestamp="20150911 16:40:45.936" level="INFO">${database} = janedoe	J4n3D0e	Inactive
</msg>
<status status="PASS" endtime="20150911 16:40:45.936" starttime="20150911 16:40:45.935"></status>
</kw>
<kw name="Should Contain" library="BuiltIn">
<doc>Fails if ``item1`` does not contain ``item2`` one or more times.</doc>
<arguments>
<arg>${database}</arg>
<arg>${username}\t${password}\t${status}\n</arg>
</arguments>
<status status="PASS" endtime="20150911 16:40:45.937" starttime="20150911 16:40:45.936"></status>
</kw>
<status status="PASS" endtime="20150911 16:40:45.937" starttime="20150911 16:40:45.935"></status>
</kw>
<kw name="Login">
<arguments>
<arg>${USERNAME}</arg>
<arg>${PASSWORD}</arg>
</arguments>
<kw name="Attempt To Login With Credentials" library="LoginLibrary">
<arguments>
<arg>${username}</arg>
<arg>${password}</arg>
</arguments>
<status status="PASS" endtime="20150911 16:40:45.975" starttime="20150911 16:40:45.937"></status>
</kw>
<kw name="Status Should Be" library="LoginLibrary">
<arguments>
<arg>Logged In</arg>
</arguments>
<status status="PASS" endtime="20150911 16:40:45.976" starttime="20150911 16:40:45.975"></status>
</kw>
<status status="PASS" endtime="20150911 16:40:45.976" starttime="20150911 16:40:45.937"></status>
</kw>
<kw name="Database Should Contain">
<arguments>
<arg>${USERNAME}</arg>
<arg>${PASSWORD}</arg>
<arg>Active</arg>
</arguments>
<kw name="Get File" library="OperatingSystem">
<doc>Returns the contents of a specified file.</doc>
<arguments>
<arg>${DATABASE FILE}</arg>
</arguments>
<assign>
<var>${database}</var>
</assign>
<msg timestamp="20150911 16:40:45.977" html="yes" level="INFO">Getting file '&lt;a href="file://c:\users\zhangx~1.rt0\appdata\local\temp\robotframework-quickstart-db.txt"&gt;c:\users\zhangx~1.rt0\appdata\local\temp\robotframework-quickstart-db.txt&lt;/a&gt;'</msg>
<msg timestamp="20150911 16:40:45.977" level="INFO">${database} = janedoe	J4n3D0e	Active
</msg>
<status status="PASS" endtime="20150911 16:40:45.977" starttime="20150911 16:40:45.977"></status>
</kw>
<kw name="Should Contain" library="BuiltIn">
<doc>Fails if ``item1`` does not contain ``item2`` one or more times.</doc>
<arguments>
<arg>${database}</arg>
<arg>${username}\t${password}\t${status}\n</arg>
</arguments>
<status status="PASS" endtime="20150911 16:40:45.978" starttime="20150911 16:40:45.978"></status>
</kw>
<status status="PASS" endtime="20150911 16:40:45.978" starttime="20150911 16:40:45.976"></status>
</kw>
<kw type="teardown" name="Clear login database">
<kw name="Remove File" library="OperatingSystem">
<doc>Removes a file with the given path.</doc>
<arguments>
<arg>${DATABASE FILE}</arg>
</arguments>
<msg timestamp="20150911 16:40:45.979" html="yes" level="INFO">Removed file '&lt;a href="file://c:\users\zhangx~1.rt0\appdata\local\temp\robotframework-quickstart-db.txt"&gt;c:\users\zhangx~1.rt0\appdata\local\temp\robotframework-quickstart-db.txt&lt;/a&gt;'</msg>
<status status="PASS" endtime="20150911 16:40:45.979" starttime="20150911 16:40:45.979"></status>
</kw>
<status status="PASS" endtime="20150911 16:40:45.979" starttime="20150911 16:40:45.978"></status>
</kw>
<tags>
<tag>database</tag>
<tag>quickstart</tag>
<tag>variables</tag>
</tags>
<status status="PASS" endtime="20150911 16:40:45.980" critical="yes" starttime="20150911 16:40:45.893"></status>
</test>
<status status="PASS" endtime="20150911 16:40:45.981" starttime="20150911 16:40:45.270"></status>
</suite>
<statistics>
<total>
<stat fail="0" pass="5">Critical Tests</stat>
<stat fail="0" pass="5">All Tests</stat>
</total>
<tag>
<stat fail="0" pass="1">database</stat>
<stat fail="0" pass="4">example</stat>
<stat fail="0" pass="5">quickstart</stat>
<stat fail="0" pass="4">smoke</stat>
<stat fail="0" pass="1">variables</stat>
</tag>
<suite>
<stat fail="0" id="s1" name="QuickStart" pass="5">QuickStart</stat>
</suite>
</statistics>
<errors>
</errors>
</robot>
